TYPE,WEAPON,ELEMENT,SLOT,AMMO,ARCHETYPE,OBTAINED,ROF/DRAW/CHARGE,IMPACT/BLAST,RANGE/ACCURACY/VELOCITY,STABILITY/EFFICIENCY,HANDLING,RELOAD/DEFENSE,AIM ASSIST,MAG,RECOIL DIRECTION,DPS MOST BOSSES,TOTAL DAMAGE BOSSES,DPS 2X BOSSES,TOTAL DAMAGE 2X BOSSES,PVP OPTIMAL TTK,PVP BODY TTK
Auto Rifle,Age-Old Bond,Void,Energy,Primary,High-Impact,Last Wish,360,33,82,18,38,34,61,35,79,3993,308127,7986,616253,0.83,1.33
Auto Rifle,Gahlran's Right Hand,Kinetic,Kinetic,Primary,High-Impact,Crown of Sorrow,360,33,82,25,45,38,56,32,85,3993,308127,7986,616253,0.83,1.33
Auto Rifle,Halfdan-D,,Kinetic,Primary,High-Impact,Gunsmith,360,33,82,28,45,35,60,33,70,3993,308127,7986,616253,0.83,1.33
Auto Rifle,Pluperfect,,Kinetic,Primary,High-Impact,Season Pass,360,33,75,24,41,41,54,31,89,3993,308127,7986,616253,0.83,1.33
Auto Rifle,Cerberus+1,,Energy,Primary,Four-Headed Dog,Exotic Engram,360,33,10,32,39,42,60,31,86,8481,784493,16962,1568985,1,1.67
Auto Rifle,SUROS Regime (Dual Speed Receiver),,Kinetic,Primary,Suros Legacy,Exotic Engram,360,33,60,62,68,76,68,36,50,,,,,,
Auto Rifle,Sweet Business,,Kinetic,Primary,Payday,Exotic Engram,360,18,37,46,10,10,80,45,100,,,,,,
Auto Rifle,Braytech Werewolf,,Kinetic,Primary,Precision,Festival of the Lost 2019,450,29,72,47,45,48,47,34,74,3604,213823,7208,427645,0.93,1.47
Auto Rifle,Breakneck,,Kinetic,Primary,Precision,Gambit Quest,450,29,68,50,43,51,44,34,80,3604,213823,7208,427645,0.93,1.47
Auto Rifle,Hazard of the Cast,,Kinetic,Primary,Precision,Gambit,450,29,64,41,44,43,44,33,69,3604,213823,7208,427645,0.93,1.47
Auto Rifle,Horror Story,,Kinetic,Primary,Precision,Festival of the Lost,450,29,61,46,43,47,35,32,73,3604,213823,7208,427645,0.93,1.47
Auto Rifle,The Ringing Nail,,Energy,Primary,Precision,Forge,450,29,64,51,51,52,37,32,69,3604,213823,7208,427645,0.93,1.47
Auto Rifle,Tigerspite,,Kinetic,Primary,Precision,Dreaming City,450,29,62,41,40,40,44,33,68,3604,213823,7208,427645,0.93,1.47
Auto Rifle,Arc Logic,,Energy,Primary,Adaptive,Moon,600,21,44,41,68,60,65,41,47,4165,286552,8330,573104,0.8,1.3
Auto Rifle,Ether Doctor,,Kinetic,Primary,Adaptive,Tangled Shore,600,21,38,40,61,52,61,43,47,4165,286552,8330,573104,0.8,1.3
Auto Rifle,Galliard-42 XN7568,,Energy,Primary,Adaptive,Forge,600,21,42,50,56,47,60,44,70,4165,286552,8330,573104,0.8,1.3
Auto Rifle,Gnawing Hunger,Void,Energy,Primary,Adaptive,Gambit Prime,600,21,57,54,70,64,65,44,54,4165,286552,8330,573104,0.8,1.3
Auto Rifle,Hard Light,,Energy,Primary,Volatile Light,Exotic Engram,600,21,46,68,75,68,100,49,100,4165,286552,8330,573104,0.8,1.3
Auto Rifle,Monte Carlo,,Kinetic,Primary,Monte Carlo Method,Exotic Engram,600,21,51,60,64,81,50,43,80,4165,286552,8330,573104,0.8,1.3
Auto Rifle,SUROS Regime,,Kinetic,Primary,Suros Legacy,Exotic Engram,600,21,60,62,68,76,68,36,50,,,,,,
Auto Rifle,Misfit,,Energy,Primary,Rapid-Fire,World,720,18,35,58,47,53,76,51,54,4242,267246,8484,534492,0.83,1.17
Auto Rifle,Reckless Oracle,Void,Energy,Primary,Rapid-Fire,Garden of Salvation,720,18,33,60,48,60,75,51,59,4242,267246,8484,534492,0.83,1.17
Auto Rifle,Valakadyn,,Energy,Primary,Rapid-Fire,Gunsmith,720,18,35,52,44,54,66,53,56,4242,267246,8484,534492,0.83,1.17
Auto Rifle,SUROS Regime (Spinning Up x1),,Kinetic,Primary,Suros Legacy,Exotic Engram,720,21,60,62,68,76,68,36,50,,,,,,
Auto Rifle,SUROS Regime (Spinning Up x2),,Kinetic,Primary,Suros Legacy,Exotic Engram,900,21,60,62,68,76,68,36,50,6248,251983,12495,503965,0.9,1.3
Auto Rifle,Sweet Business (Max RoF),,Kinetic,Primary,Payday,Exotic Engram,900,18,37,46,10,10,80,45,100,6893,459041,13785,918081,0.53,0.8
Bow,Leviathan's Breath,Void,Power,Heavy,Big Game Hunter,"Exotic Triumph: Make Bows, Not War",1328,60,89,14,10,10,66,n/a,75,8895,242585,17359,473440,OHKO,OHKO
Bow,Wish-Ender (vs Non-Taken),,Kinetic,Primary,Queen's Wrath,Exotic Quest,867,92,72,91,46,37,51,n/a,60,4137,391952,8275,783903,2P,-
Bow,Wish-Ender (vs Taken),,Kinetic,Primary,Queen's Wrath,Exotic Quest,867,92,72,91,46,37,51,n/a,60,4551,431190,9103,862380,2P,-
Bow,Trinity Ghoul,,Energy,Primary,Split Electron,Exotic Engram,800,80,86,55,58,55,74,n/a,77,-,-,-,-,4P,-
Bow,Le Monarque,Void,Energy,Primary,Poison Arrows,Exotic Black Armory,760,76,81,51,59,46,70,n/a,78,3969,357225,5181,590370,2B,-
Bow,Accrued Redemption,,Kinetic,Primary,Precision,Garden of Salvation,684,76,80,49,46,70,60,n/a,n/a,2967,252221,6429,504441,2B,-
Bow,Hush,,Energy,Primary,Precision,Gambit Quest,684,76,79,46,46,64,54,n/a,n/a,"3,827","215,483","12,862","403,881",2B,-
Bow,No Turning Back,,Kinetic,Primary,Precision,Story,684,76,78,53,46,66,59,n/a,n/a,2967,252221,6429,504441,2B,-
Bow,Subtle Calamity,Void,Energy,Primary,Precision,World,684,76,79,46,46,70,52,n/a,n/a,2967,252221,6429,504441,2B,-
Bow,Arsenic Bite-4b,,Energy,Primary,Lightweight,World,612,68,52,62,64,81,64,n/a,n/a,3265,229704,6193,459408,1P1B,-
Bow,The Spiteful Fang,,Kinetic,Primary,Lightweight,Forge,612,68,53,55,64,76,73,n/a,n/a,3265,229704,6193,459408,1P1B,-
Bow,The Vow,,Energy,Primary,Lightweight,Crimson Days,612,68,54,64,64,84,64,n/a,n/a,3265,229704,6193,459408,1P1B,-
Bow,Tyranny of Heaven,,Energy,Primary,Lightweight,Last Wish,612,68,48,63,28,74,52,n/a,n/a,3265,229704,6193,459408,1P1B,-
Fusion Rifle,Proelium FR3,,Energy,Special,Rapid-Fire,Gunsmith,540,55,32,35,57,50,33,7,45,12593,229697,25186,459395,0.73,0.73
Fusion Rifle,Zealot's Reward,Void,Energy,Special,Rapid-Fire,Garden of Salvation,540,55,30,35,60,53,37,7,49,12593,229697,25186,459395,0.73,0.73
Fusion Rifle,Dream Breaker,,Energy,Special,Adaptive,Moon,660,70,37,42,34,37,43,6,57,10436,187020,20873,374041,0.83,0.83
Fusion Rifle,Techeun Force,,Energy,Special,Adaptive,Last Wish,660,70,39,39,27,34,44,6,60,10436,187020,20873,374041,0.83,0.83
Fusion Rifle,Main Ingredient,,Energy,Special,Precision,Vanguard,740,80,63,54,38,32,59,5,73,9923,178621,19847,357242,0.9,0.9
Fusion Rifle,The Epicurean,Void,Energy,Special,Precision,Menagerie,740,80,63,54,37,33,65,5,80,9923,178621,19847,357242,0.9,0.9
Fusion Rifle,Tempered Dynamo,,Energy,Special,Precision,Scourge of the Past,740,80,56,52,35,31,65,5,80,9923,178621,19847,357242,0.9,0.9
Fusion Rifle,Telesto,Void,Energy,Special,Unplanned Reprieve,Exotic Engram,780,85,32,81,57,82,46,4,66,11996,312372,12242,318778,0.93,0.93
Fusion Rifle,JÃ¶tunn,,Energy,Special,Charge Shot,Exotic Black Armory,820,95,52,31,33,31,67,5,77,11315,253899,18417,413281,OHKO,OHKO
Fusion Rifle,Erentil FR4,Void,Energy,Special,High-Impact,World,860,95,59,30,26,28,65,5,60,10108,213471,20215,426941,1,1
Fusion Rifle,Loaded Question,,Energy,Special,High-Impact,Vanguard Quest,860,95,57,32,32,27,66,5,77,10108,213471,20215,426941,1,1
Fusion Rifle,The Wizened Rebuke,,Energy,Special,High-Impact,Iron Banner,860,95,55,35,29,28,62,5,72,10108,213471,20215,426941,1,1
Fusion Rifle,Merciless,,Energy,Special,Conserve Momentum,Exotic Engram,900,75,45,39,47,49,69,8,64,16536,145846,33072,291692,OHKO,OHKO
Fusion Rifle,One Thousand Voices,,Power,Heavy,Ahamkara's Eye,Exotic Last Wish,1000,100,100,46,10,37,100,4,100,17991,239276,19408,258129,OHKO,OHKO
Grenade Launcher,Fighting Lion,Void,Energy,Special,Delayed Gratification,Exotic Engram,72,55,46,55,82,55,80,1,60,23628,393800,23628,393800,-,-
Grenade Launcher,Orewing's Maul,,Energy,Special,Lightweight,Iron Banner,90,32,79,37,72,76,73,1,80,13940,176572,17176,217564,-,-
Grenade Launcher,The Militia's Birthright,,Kinetic,Special,Lightweight,Lake of Shadows,90,55,72,23,69,63,75,1,62,13940,176572,17176,217564,-,-
Grenade Launcher,The Mountaintop,,Kinetic,Special,Lightweight,PvP Pinnacle,90,55,78,31,72,67,75,1,62,"19,552","247,657","27,911","353,545",-,-
Grenade Launcher,Doomsday,,Power,Heavy,Adaptive,Gambit Prime,120,20,45,53,55,54,54,6,78,24280,182097,31369,235270,-,-
Grenade Launcher,Edge Transit,Void,Power,Heavy,Adaptive,World,120,30,39,48,48,45,62,6,70,24280,182097,31369,235270,-,-
Grenade Launcher,Play of the Game,,Power,Heavy,Adaptive,Crucible,120,30,45,42,40,51,65,6,70,24280,182097,31369,235270,-,-
Grenade Launcher,Through Fire and Flood,,Power,Heavy,Adaptive,World,120,30,36,47,51,45,69,6,77,24280,182097,31369,235270,-,-
Grenade Launcher,Wendigo GL3,,Power,Heavy,Adaptive,Vanguard Quest,120,30,36,44,46,51,66,6,78,33390,207939,36146,259509,-,-
Grenade Launcher,The Colony,Void,Power,Heavy,Insectoid Robot Grenades,Exotic Engram,140,20,28,82,82,64,60,7,80,18964,146293,25164,194122,-,-
Grenade Launcher,Anarchy,,Power,Heavy,Arc Traps,Exotic Scourge of the Past,150,40,100,64,63,66,69,6,50,8744,918113,8744,918113,-,-
Grenade Launcher,Acantha-D XK8434,,Power,Heavy,Aggressive,Forge,150,15,47,28,31,36,25,5,80,30977,198255,41685,266786,-,-
Grenade Launcher,Love and Death,,Power,Heavy,Aggressive,Moon,150,15,55,29,26,33,29,5,50,30977,198255,41685,266786,-,-
Grenade Launcher,Outrageous Fortune,,Power,Heavy,Aggressive,Vanguard,150,15,55,36,32,28,30,5,57,30977,198255,41685,266786,-,-
Grenade Launcher,Swarm of the Raven,Void,Power,Heavy,Aggressive,Iron Banner,150,15,54,29,26,29,27,5,63,30977,198255,41685,266786,-,-
Grenade Launcher,Terran Wind,,Power,Heavy,Aggressive,World,150,20,45,25,26,25,30,5,80,30977,198255,41685,266786,-,-
Grenade Launcher,The Prospector,,Power,Heavy,Excavation,Exotic Engram,165,10,64,42,55,32,60,8,75,34450,187910,42303,230742,-,-
Hand Cannon,Eriana's Vow,,Energy,Special,Looks Can Kill,Exotic Quest,90,100,100,37,31,32,80,6,100,12456,249120,24912,498240,0.67,1.33
Hand Cannon,Sturm,,Kinetic,Primary,Accomplice,Exotic Quest,110,92,64,55,46,55,50,9,80,12744,715953,25487,1431906,1.07,1.6
Hand Cannon,Bad News XF4354,,Kinetic,Primary,Aggressive,Forge,113,92,60,29,33,32,66,8,88,3523,234423,7046,468846,1.07,1.6
Hand Cannon,Crimil's Dagger,,Kinetic,Primary,Aggressive,Iron Banner,113,92,64,31,31,32,67,8,98,3523,234423,7046,468846,1.07,1.6
Hand Cannon,Duke Mk. 44,,Kinetic,Primary,Aggressive,World,113,92,68,36,37,37,64,9,90,3523,234423,7046,468846,1.07,1.6
Hand Cannon,Loud Lullaby,,Kinetic,Primary,Aggressive,Moon,113,92,58,25,32,31,60,8,98,3523,234423,7046,468846,1.07,1.6
Hand Cannon,Pribina-D,,Kinetic,Primary,Aggressive,Gunsmith,113,92,60,20,25,35,63,7,80,3523,234423,7046,468846,1.07,1.6
Hand Cannon,Thin Line,Void,Energy,Primary,Aggressive,Tangled Shore,113,92,60,17,22,21,60,9,88,3523,234423,7046,468846,1.07,1.6
Hand Cannon,Warden's Law,,Kinetic,Primary,Double Fire,Warden of Nothing,113,92,56,29,24,27,68,10,97,3594,229379,7189,458757,1.07,1.6
Hand Cannon,Ancient Gospel,,Energy,Primary,Adaptive,Garden of Salvation,139,84,47,62,51,49,74,11,100,3464,173687,6928,347373,0.87,1.73
Hand Cannon,Austringer,,Kinetic,Primary,Adaptive,Menagerie,139,84,51,63,52,51,75,11,95,3464,173687,6928,347373,0.87,1.73
Hand Cannon,Better Devils,,Kinetic,Primary,Adaptive,Crucible,139,84,46,48,46,46,75,10,88,3464,173687,6928,347373,0.87,1.73
Hand Cannon,Kindled Orchid,Void,Energy,Primary,Adaptive,Forge,139,84,45,55,46,48,76,10,99,3464,173687,6928,347373,0.87,1.73
Hand Cannon,Nation of Beasts,,Energy,Primary,Adaptive,Last Wish,139,84,40,57,42,45,71,10,95,3464,173687,6928,347373,0.87,1.73
Hand Cannon,Ten Paces,,Kinetic,Primary,Adaptive,World,139,84,46,53,44,46,71,10,87,3464,173687,6928,347373,0.87,1.73
Hand Cannon,Ace of Spades,,Kinetic,Primary,Memento Mori,Exotic Story,140,84,78,46,46,48,70,13,100,3464,173687,6928,347373,0.87,0.87
Hand Cannon,Midnight Coup,,Kinetic,Primary,Lightweight,Leviathan,150,78,30,40,60,56,90,12,80,3591,172380,7183,344760,0.8,1.6
Hand Cannon,Rose,,Kinetic,Primary,Lightweight,Exotic Quest,150,78,44,46,71,59,85,11,95,3591,172380,7183,344760,0.8,1.6
Hand Cannon,Spare Rations,,Kinetic,Primary,Lightweight,Gambit Prime,150,78,45,55,76,64,92,13,100,3591,172380,7183,344760,0.8,1.6
Hand Cannon,Waking Vigil,,Energy,Primary,Lightweight,Dreaming City,150,78,31,38,63,56,85,12,98,3591,172380,7183,344760,0.8,1.6
Hand Cannon,Luna's Howl,,Energy,Primary,Precision,PvP Pinnacle,150,78,47,71,42,86,79,10,95,3639,141921,7278,283842,1,1.33
Hand Cannon,Not Forgotten,,Energy,Primary,Precision,PvP Pinnacle,150,78,65,62,33,59,79,10,100,3639,141921,7278,283842,1,1.33
Hand Cannon,Lumina,,Kinetic,Primary,Noble Rounds,Exotic Quest,150,80,44,46,74,65,88,13,95,?,?,?,?,0.8,1.6
Hand Cannon,Sunshot,,Energy,Primary,Sunburn,Exotic Story,150,80,38,46,83,75,60,8,98,?,?,?,?,0.8,1.6
Hand Cannon,Thorn,,Kinetic,Primary,Mark of the Devourer,Exotic Quest,150,80,41,60,69,46,60,11,100,5729,281855,8038,458544,0.8,1.2
Hand Cannon,Optative,Void,Energy,Primary,Precision,Vex Offensive,180,78,41,60,33,58,67,9,97,3639,141921,7278,283842,1,1.33
Hand Cannon,Service Revolver,,Kinetic,Primary,Precision,Vanguard,180,78,45,61,44,43,67,9,88,3639,141921,7278,283842,1,1.33
Hand Cannon,Trust,,Energy,Primary,Precision,Gambit,180,78,37,56,35,50,78,9,96,3639,141921,7278,283842,1,1.33
Hand Cannon,Malfeasance,,Kinetic,Primary,Explosive Shadow,Exotic Gambit Quest,180,78,46,82,36,82,50,14,98,4550,175914,9099,351828,1,1.33
Hand Cannon,The Last Word,,Kinetic,Primary,Fan Fire,Exotic Quest,225,78,28,46,28,82,40,8,100,5438,163850,10875,327700,0.53,0.8
Hand Cannon,Crimson,,Kinetic,Primary,Banned Weapon,Exotic Engram,415,92,60,82,50,64,75,14,55,4398,362700,22552,725400,0.87,1.33
Linear Fusion Rifle,Sleeper Simulant,,Power,Heavy,Dornroschen,Exotic Quest,1024,41,63,41,42,36,57,4,65,15103,207154,30206,414307,1.07,1.07
Linear Fusion Rifle,Sleeper Simulant (w/ catalyst),,Power,Heavy,Dornroschen,Exotic Quest,1024,41,63,41,42,36,57,4,65,18067,253188,36134,506376,1.07,1.07
Linear Fusion Rifle,The Queenbreaker (Marksman Sights),,Power,Heavy,Wire Rifle,Exotic Engram,633,41,55,82,46,64,60,5,60,11281,230057,22561,460114,0.33,0.67
Linear Fusion Rifle,The Queenbreaker (Combat Sights),,Power,Heavy,Wire Rifle,Exotic Engram,633,41,55,82,46,64,60,5,60,11538,166147,23076,332293,0.33,0.67
Linear Fusion Rifle,Crooked Fang-4FR,Void,Power,Heavy,Precision,Gunsmith,533,41,34,36,36,35,61,6,4,11342,210885,22683,421770,0.57,1.13
Linear Fusion Rifle,Arbalest,,Kinetic,Special,Compounding Force,Exotic Engram,533,41,42,55,33,35,61,5,77,10122,177758,21060,355517,0.57,1.13
Machine Gun,Xenophage,,Power,Heavy,Pyrotoxin Rounds,Exotic Quest,120,100,71,39,37,38,33,20,85,11722,152386,11722,152386,2 Shots,2 Shots
Machine Gun,Bane of Sorrow,Void,Power,Heavy,High-Impact,Crown of Sorrow,360,70,71,29,45,43,30,38,69,6618,277964,13236,555929,0.5,0.83
Machine Gun,Fixed Odds,,Power,Heavy,High-Impact,Menagerie,360,70,66,35,37,37,33,35,66,6618,277964,13236,555929,0.5,0.83
Machine Gun,A Fine Memorial,,Power,Heavy,Adaptive,Moon,450,41,47,43,45,50,61,55,72,7161,229166,14323,458333,0.53,0.8
Machine Gun,Avalanche,,Power,Heavy,Adaptive,Dawning,450,41,55,46,34,59,90,57,70,7161,229166,14323,458333,0.53,0.8
Machine Gun,Hammerhead,Void,Power,Heavy,Adaptive,Forge,450,41,64,64,40,64,90,59,75,7161,229166,14323,458333,0.53,0.8
Machine Gun,Thunderlord,,Power,Heavy,Reign Havoc,Exotic Quest,450,41,64,55,46,68,90,62,70,13041,239076,24499,449145,0.53,0.8
Machine Gun,21% Delirium,,Power,Heavy,Rapid-Fire,Gambit Quest,900,25,50,70,39,43,70,132,60,10268,266296,20537,532591,0.47,0.67
Machine Gun,Edgewise,,Power,Heavy,Rapid-Fire,Vanguard Quest,900,25,33,38,42,64,68,73,50,8215,213037,16430,426073,0.47,0.67
Machine Gun,Temporal Clause,Void,Power,Heavy,Rapid-Fire,Season Pass,900,25,33,38,39,67,68,75,59,8215,213037,16430,426073,0.47,0.67
Pulse Rifle,Graviton Lance,Void,Energy,Primary,Black Hole,Exotic Story,257,29,55,100,59,61,60,31,65,2984,290545,5969,581090,1,1.87
Pulse Rifle,Eystein-D,,Kinetic,Primary,High-Impact,Gunsmith,340,33,66,50,31,39,31,27,72,3131,238680,6262,477360,0.67,1.6
Pulse Rifle,Premonition,Void,Energy,Primary,High-Impact,Moon,340,33,64,48,33,40,32,27,77,3131,238680,6262,477360,0.67,1.6
Pulse Rifle,Redrix's Broadsword,,Kinetic,Primary,High-Impact,PvP Quest,340,33,60,59,38,44,39,27,75,3131,238680,6262,477360,0.67,1.6
Pulse Rifle,Adhortative,,Energy,Primary,Adaptive,Vex Offensive,390,29,47,55,48,45,61,36,61,3246,209761,6493,419521,0.93,1.4
Pulse Rifle,Bygones,,Kinetic,Primary,Adaptive,Gambit,390,29,53,60,51,51,61,39,69,3246,209761,6493,419521,0.93,1.4
Pulse Rifle,Inaugural Address,Void,Energy,Primary,Adaptive,Leviathan,390,29,49,60,51,46,64,39,79,3246,209761,6493,419521,0.93,1.4
Pulse Rifle,Last Perdition,Void,Energy,Primary,Adaptive,Crucible,390,29,50,66,49,53,60,39,63,3246,209761,6493,419521,0.93,1.4
Pulse Rifle,Swift Ride XE8375,,Energy,Primary,Adaptive,Forge,390,29,43,61,46,46,65,39,70,3246,209761,6493,419521,0.93,1.4
Pulse Rifle,Blast Furnace,,Kinetic,Primary,Aggressive Burst,Forge,450,35,81,67,31,42,42,40,65,3232,248206,6464,496412,0.73,1.27
Pulse Rifle,Go Figure,,Kinetic,Primary,Aggressive Burst,World,450,35,72,61,32,40,40,40,69,3232,248206,6464,496412,0.73,1.27
Pulse Rifle,Right Side of Wrong,,Energy,Primary,Aggressive Burst,World,450,35,61,60,25,38,49,40,60,3232,248206,6464,496412,0.73,1.27
Pulse Rifle,Sacred Provenance,,Kinetic,Primary,Aggressive Burst,Garden of Salvation,450,35,72,61,32,42,48,40,70,3232,248206,6464,496412,0.73,1.27
Pulse Rifle,Chattering Bone,,Kinetic,Primary,Lightweight,Last Wish,450,27,33,52,70,63,71,33,57,3046,169332,6091,338664,0.87,1.33
Pulse Rifle,Nightshade,,Kinetic,Primary,Lightweight,Vanguard,450,27,40,59,69,62,68,30,56,3046,169332,6091,338664,0.87,1.33
Pulse Rifle,Bad Juju,,Kinetic,Primary,String of Curses,Exotic Quest Menagerie,450,27,41,66,47,52,60,27,85,3046,169332,6091,338664,0.87,1.33
Pulse Rifle,Outbreak Perfected,,Kinetic,Primary,The Corruption Spreads,Exotic Quest Titan,450,27,50,46,51,51,65,35,80,7340,449236,14681,898472,0.87,1.33
Pulse Rifle,Vigilance Wing,,Kinetic,Primary,Harsh Truths,Exotic Engram,530,33,64,64,40,46,60,30,79,4028,209760,8056,419520,0.77,1.2
Pulse Rifle,Claws of the Wolf,Void,Energy,Primary,Rapid-Fire,Iron Banner,540,23,41,45,29,34,78,33,53,3285,151110,6570,302220,0.73,1.4
Pulse Rifle,Horror's Least,,Energy,Primary,Rapid-Fire,The Corrupted,540,23,34,49,22,35,82,36,55,3285,151110,6570,302220,0.73,1.4
Pulse Rifle,Outlast,,Energy,Primary,Rapid-Fire,Gambit Prime,540,23,43,53,36,38,78,27,60,3285,151110,6570,302220,0.73,1.4
Rocket Launcher,Zenobia-D,,Power,Heavy,Hakke Precision,Gunsmith,15,65,61,47,45,28,n/a,1,45,16182,129458,19775,158200,-,-
Rocket Launcher,Roar of the Bear,,Power,Heavy,High-Impact,Iron Banner,15,95,43,61,68,41,n/a,1,45,16182,129458,19775,158200,-,-
Rocket Launcher,Sleepless,,Power,Heavy,High-Impact,Dreaming City,15,90,40,58,66,33,n/a,1,58,16182,129458,19775,158200,-,-
Rocket Launcher,Deathbringer,Void,Power,Heavy,Dark Deliverance,Exotic Moon Quest,15,100,42,58,69,67,n/a,1,58,-,282816,-,282816,-,-
Rocket Launcher,Truth,Void,Power,Heavy,Prototype Trueseeker,Exotic Menagerie Quest,15,100,52,70,69,54,n/a,1,60,12589,100715,12589,100715,-,-
Rocket Launcher,Apex Predator,,Power,Heavy,Adaptive,Last Wish,20,75,49,43,44,44,n/a,1,61,17980,129458,21972,158200,-,-
Rocket Launcher,Bellowing Giant,Void,Power,Heavy,Adaptive,Scourge of the Past,20,75,63,54,49,50,n/a,1,70,17980,129458,21972,158200,-,-
Rocket Launcher,Hoosegow XE5837,,Power,Heavy,Adaptive,Forge,20,75,58,47,44,50,n/a,1,80,17980,129458,21972,158200,-,-
Rocket Launcher,Shining Sphere,,Power,Heavy,Adaptive,Iron Banner,20,75,54,45,45,45,n/a,1,60,17980,129458,21972,158200,-,-
Rocket Launcher,Bad Omens,Void,Power,Heavy,Aggressive,Gambit,25,60,75,34,28,65,n/a,1,76,25145,164583,34902,228450,-,-
Rocket Launcher,Heretic,,Power,Heavy,Aggressive,Altar of Sorrow,25,60,81,33,31,62,n/a,1,68,25145,164583,34902,228450,-,-
Rocket Launcher,Two-Tailed Fox,,Power,Heavy,Twintails,Exotic Engram,40,65,55,55,52,36,n/a,1,61,19257,165059,23533,201707,-,-
Rocket Launcher,The Wardcliff Coil,,Power,Heavy,Mad Scientist,Exotic Engram,60,55,100,55,82,55,n/a,1,60,23069,133093,24607,141966,-,-
Scout Rifle,Calusea Noblesse,Void,Energy,Primary,High-Impact,Crown of Sorrow,150,67,74,29,36,37,32,14,75,3578,346302,7155,692604,0.8,1.6
Scout Rifle,Does Not Compute,,Kinetic,Primary,High-Impact,World,150,67,64,24,35,43,39,12,80,3578,346302,7155,692604,0.8,1.6
Scout Rifle,Imperative,,Kinetic,Primary,High-Impact,Vex Offensive,150,67,69,28,30,37,33,13,80,3578,346302,7155,692604,0.8,1.6
Scout Rifle,Talons of the Eagle,,Kinetic,Primary,High-Impact,Iron Banner,150,67,71,36,33,39,30,14,71,3578,346302,7155,692604,0.8,1.6
Scout Rifle,The Cut and Run,,Energy,Primary,High-Impact,World,150,67,68,36,34,37,37,13,80,3578,346302,7155,692604,0.8,1.6
Scout Rifle,Transfiguration,,Kinetic,Primary,High-Impact,Last Wish,150,67,74,22,29,25,29,14,78,3578,346302,7155,692604,0.8,1.6
Scout Rifle,Wrong Side of Right,,Kinetic,Primary,High-Impact,Tangled Shore,150,67,60,20,20,25,39,13,70,3578,346302,7155,692604,0.8,1.6
Scout Rifle,Polaris Lance,,Energy,Primary,The Perfect Fifth,Exotic Quest,150,67,73,55,36,40,39,14,77,4468,279313,7875,558625,0.8,2
Scout Rifle,The Jade Rabbit,,Kinetic,Primary,The Fate of All Fools,Exotic Engram,150,67,82,46,29,59,80,10,100,3578,346302,7155,692604,0.8,2
Scout Rifle,Distant Relation,,Energy,Primary,Precision,Gambit,180,62,41,49,40,39,61,16,58,3489,211666,6978,423332,1,1.67
Scout Rifle,Nameless Midnight,,Kinetic,Primary,Precision,Vanguard,180,62,46,44,47,50,62,16,79,3489,211666,6978,423332,1,1.67
Scout Rifle,No Feelings,,Energy,Primary,Precision,Scourge of the Past,180,62,52,49,46,49,66,15,76,3489,211666,6978,423332,1,1.67
Scout Rifle,Oxygen SR3,,Energy,Primary,Precision,Vanguard Quest,180,62,55,55,47,50,67,16,60,3489,211666,6978,423332,1,1.67
Scout Rifle,Tango-45 XK5094,,Energy,Primary,Precision,Forge,180,62,50,50,45,44,65,16,69,3489,211666,6978,423332,1,1.67
Scout Rifle,Skyburner's Oath (ADS),,Energy,Primary,Slug Rifle,Exotic Engram,180,60,46,55,64,55,90,15,100,2965,227712,5930,455424,1,1.33
Scout Rifle,Night Watch,,Kinetic,Primary,Lightweight,Gambit Prime,200,60,48,47,71,65,69,16,57,3807,224974,7613,449948,0.9,1.8
Scout Rifle,Vouchsafe,Void,Energy,Primary,Lightweight,Dreaming City,200,60,33,32,63,55,73,15,47,3807,224974,7613,449948,0.9,1.8
Scout Rifle,MIDA Multi-Tool,,Kinetic,Primary,Mida Multi-Tool,Exotic Quest,200,60,42,37,82,82,100,16,80,4104,224974,7613,449948,0.9,1.8
Scout Rifle,Skyburner's Oath,,Energy,Primary,Slug Rifle,Exotic Engram,225,60,46,55,64,55,90,15,100,3533,170496,5920,340992,1,1.33
Scout Rifle,Black Scorpion-4sr,,Energy,Primary,Rapid-Fire,Gunsmith,260,45,28,54,34,35,56,18,60,4104,176142,8207,352284,0.93,1.4
Scout Rifle,Randy's Throwing Knife,,Kinetic,Primary,Rapid-Fire,Crucible Quest,260,45,31,45,28,35,63,17,59,4104,176142,8207,352284,0.93,1.4
Shotgun,Legend of Acrius,,Power,Heavy,Shock Blast,Exotic Quest,45,85,100,82,19,28,90,4,60,19442,212094,38884,424188,OHKO,OHKO
Shotgun,Baligant XU7743,,Kinetic,Special,Aggressive,Forge,55,80,28,28,29,37,28,5,72,9644,168326,19287,336653,1.1,1.1
Shotgun,Imperial Decree,,Kinetic,Special,Aggressive,Menagerie,55,80,36,36,37,40,35,4,80,9644,168326,19287,336653,1.1,1.1
Shotgun,Last Man Standing,,Energy,Special,Aggressive,Gambit Prime,55,80,33,34,38,44,26,4,47,9644,168326,19287,336653,1.1,1.1
Shotgun,Mindbender's Ambition,,Energy,Special,Aggressive,The Hallowed Lair,55,80,36,36,37,45,39,5,69,9644,168326,19287,336653,1.1,1.1
Shotgun,Toil and Trouble,,Kinetic,Special,Aggressive,Vanguard,55,80,30,36,37,41,30,5,59,9644,168326,19287,336653,1.1,1.1
Shotgun,The Chaperone,,Kinetic,Special,Precision Slug,Exotic Quest,60,75,100,28,82,37,70,6,50,12660,184467,25319,368934,0.93,0.93
Shotgun,Blasphemer,,Kinetic,Special,Precision Slug,Altar of Sorrow,65,70,62,46,49,49,61,6,60,10547,165504,21094,331007,0.93,0.93
Shotgun,Good Bone Structure,,Energy,Special,Precision Slug,Gunsmith,65,70,59,50,69,46,35,6,52,10547,165504,21094,331007,0.93,0.93
Shotgun,Gunnora's Axe,,Energy,Special,Precision Slug,Iron Banner,65,70,70,54,68,53,34,6,51,10547,165504,21094,331007,0.93,0.93
Shotgun,Dust Rock Blues,,Kinetic,Special,Precision,Tangled Shore,65,70,68,50,40,46,75,6,64,9810,162994,19620,325987,0.93,0.93
Shotgun,Prophet of Doom,,Energy,Special,Precision,Garden of Salvation,65,70,70,52,41,52,73,5,77,9810,162994,19620,325987,0.93,0.93
Shotgun,Retold Tale,Void,Energy,Special,Precision,Dreaming City,65,70,68,50,40,46,75,6,64,9810,162994,19620,325987,0.93,0.93
Shotgun,Emperor's Courtesy,,Energy,Special,Lightweight,Crown of Sorrow,80,70,53,47,72,64,50,6,60,12171,136920,24341,273840,0.77,0.77
Shotgun,Parcel of Stardust,,Kinetic,Special,Lightweight,Gambit,80,70,51,45,71,60,52,7,53,12171,136920,24341,273840,0.77,0.77
Shotgun,Tractor Cannon,Void,Power,Heavy,Repulsor Force,Exotic Engram,84,65,19,82,46,24,90,4,60,16451,209746,16451,209746,OHKO,OHKO
Shotgun,Badlander,,Energy,Special,Rapid-Fire,World,140,65,34,44,51,66,66,7,70,14538,149530,29075,299059,0.43,0.43
Shotgun,IKELOS_SG_v1.0.1,,Energy,Special,Rapid-Fire,Escalation Protocol,140,65,40,38,49,64,72,7,69,14538,149530,29075,299059,0.43,0.43
Shotgun,One Small Step,,Kinetic,Special,Rapid-Fire,Moon,140,65,33,38,46,65,68,7,60,14538,149530,29075,299059,0.43,0.43
Shotgun,Threat Level,,Kinetic,Special,Rapid-Fire,Scourge of the Past,140,65,37,45,48,68,74,7,66,14538,149530,29075,299059,0.43,0.43
Shotgun,Wishbringer,,Energy,Special,Rapid-Fire,Crucible,140,65,37,38,39,53,68,7,43,14538,149530,29075,299059,0.43,0.43
Shotgun,Lord of Wolves,,Energy,Special,Shrapnel Launcher,Exotic Wanted Bounties,640,68,28,45,46,82,80,5,80,23050,221280,46100,442560,0.2,0.2
Sidearm,Lonesome,,Kinetic,Primary,Precision,Gambit Prime,260,51,65,53,46,36,86,12,90,6193,208652,13290,314525,0.7,0.93
Sidearm,Vestian Dynasty,,Energy,Primary,Precision,World,260,51,55,42,44,29,90,12,99,6193,208652,13290,314525,0.7,0.93
Sidearm,Translation Theory,,Energy,Primary,Adaptive,World,300,49,37,67,55,37,81,15,96,6431,201940,13345,781143,0.6,1
Sidearm,Drang (Baroque),,Energy,Primary,Together Forever,Menagerie,300,49,41,64,74,37,70,18,80,6431,201940,13345,781143,0.6,1
Sidearm,Rat King,,Kinetic,Primary,Rat Pack,Exotic Quest,300,49,37,46,46,46,60,15,80,12863,236675,25726,473350,0.6,1
Sidearm,Death by Scorn,Void,Energy,Primary,Aggressive Burst,Tangled Shore,325,56,49,38,33,22,88,32,91,6193,331585,12759,299419,0.73,0.83
Sidearm,Smuggler's Word,,Kinetic,Primary,Aggressive Burst,World,325,56,55,42,42,30,82,24,96,6193,331585,12759,299419,0.73,0.83
Sidearm,Anonymous Autumn,,Energy,Primary,Lightweight,Crucible,360,43,32,50,64,50,67,15,99,6645,157263,12387,663170,0.67,1
Sidearm,Dead Man Walking XX7463,,Energy,Primary,SUROS Rapid-Fire,Forge,450,35,28,60,54,40,56,15,98,6380,149710,12759,299419,0.67,0.93
Sidearm,The Last Dance,,Energy,Primary,Omolon Adaptive,Vanguard,491,75,36,86,57,35,70,27,97,6355,367325,12386,417305,0.5,1.1
Sniper Rifle,Bite of the Fox,,Kinetic,Special,Aggressive,Iron Banner,72,90,73,28,32,32,41,3,68,13522,191556,27043,383112,0.83,0.83
Sniper Rifle,Dreaded Venture,,Kinetic,Special,Aggressive,Gambit,72,90,74,35,31,39,49,3,76,13522,191556,27043,383112,0.83,0.83
Sniper Rifle,Revoker,,Kinetic,Special,Aggressive,Crucible Quest,72,90,80,34,30,37,44,3,72,13522,191556,27043,383112,0.83,0.83
Sniper Rifle,Show of Force XF4865,,Kinetic,Special,Aggressive,Forge,72,90,73,31,33,36,41,3,78,13522,191556,27043,383112,0.83,0.83
Sniper Rifle,Tatara Gaze,,Energy,Special,Aggressive,Forge,72,90,73,30,33,41,45,3,79,13522,191556,27043,383112,0.83,0.83
Sniper Rifle,Borealis,,Energy,Special,The Fundamentals,Exotic Engram,72,90,54,52,73,68,65,4,55,13522,191556,27043,383112,0.83,0.83
Sniper Rifle,Whisper of the Worm,,Power,Heavy,White Nail,Exotic Quest,72,100,78,24,35,42,39,3,74,21659,324882,43318,649764,0.83,0.83
Sniper Rifle,Beloved,,Energy,Special,Adaptive,Menagerie,90,70,55,51,52,44,68,4,77,15199,162120,30398,324240,0.67,0.67
Sniper Rifle,Elegy-49,Void,Energy,Special,Adaptive,Gunsmith,90,70,46,46,46,46,60,4,60,15199,162120,30398,324240,0.67,0.67
Sniper Rifle,Fate Cries Foul,Void,Energy,Special,Adaptive,Crucible,90,70,48,47,47,44,60,4,48,15199,162120,30398,324240,0.67,0.67
Sniper Rifle,Long Shadow,,Kinetic,Special,Adaptive,Vanguard,90,70,50,48,46,46,59,4,47,15199,162120,30398,324240,0.67,0.67
Sniper Rifle,Sole Survivor,,Energy,Special,Adaptive,Gambit Prime,90,70,55,47,53,54,51,4,80,15199,162120,30398,324240,0.67,0.67
Sniper Rifle,The Long Goodbye,,Energy,Special,Adaptive,The Insight Terminus,90,70,49,48,40,44,55,4,62,15199,162120,30398,324240,0.67,0.67
Sniper Rifle,Tranquility,,Kinetic,Special,Adaptive,Moon,90,70,52,43,52,42,61,4,62,15199,162120,30398,324240,0.67,0.67
Sniper Rifle,Izanagi's Burden,,Kinetic,Special,Honed Edge,Exotic Black Armory Quest,90,70,53,47,52,46,62,4,73,19318,186950,38636,373900,0.67,0.67
Sniper Rifle,Apostate,,Energy,Special,Rapid-Fire,Altar of Sorrow,140,55,42,47,69,65,73,5,49,18050,139239,36099,278478,0.43,0.43
Sniper Rifle,Omniscient Eye,,Energy,Special,Rapid-Fire,Garden of Salvation,140,55,43,42,73,61,72,5,55,18050,139239,36099,278478,0.43,0.43
Sniper Rifle,Persuader,Void,Energy,Special,Rapid-Fire,Vanguard,140,55,39,42,67,61,71,5,60,18050,139239,36099,278478,0.43,0.43
Sniper Rifle,The Supremacy,,Kinetic,Special,Rapid-Fire,Last Wish,140,55,32,38,68,62,77,5,60,18050,139239,36099,278478,0.43,0.43
Sniper Rifle,Twilight Oath,,Energy,Special,Rapid-Fire,Dreaming City,140,55,27,36,65,58,70,5,59,18050,139239,36099,278478,0.43,0.43
Sniper Rifle,D.A.R.C.I.,,Power,Heavy,Personal Assistant,Exotic Engram,140,55,37,78,78,64,60,5,100,25444,250804,50888,501607,0.43,0.43
Submachine Gun,Antiope-D,,Kinetic,Primary,Precision,Gunsmith,600,25,63,39,26,27,58,26,90,5645,228623,11290,457245,0.8,1.1
Submachine Gun,Atalanta-D XG1992,,Kinetic,Primary,Precision,Forge,600,25,52,45,31,27,54,27,82,5645,228623,11290,457245,0.8,1.1
Submachine Gun,Bad Reputation,,Energy,Primary,Precision,World,600,25,58,42,28,24,51,27,99,5645,228623,11290,457245,0.8,1.1
Submachine Gun,Every Waking Moment,Void,Energy,Primary,Precision,Moon,600,25,54,44,30,26,56,26,91,5645,228623,11290,457245,0.8,1.1
Submachine Gun,Hard Truths,,Kinetic,Primary,Aggressive,Crucible,720,22,45,15,52,28,27,27,80,6558,215868,13116,431735,0.43,0.6
Submachine Gun,Tarrabah,,Energy,Primary,Ravenous Beast,Exotic Crown of Sorrow,750,23,49,28,55,41,40,31,90,10930.5,358364.5,21861,716728.5,0.67,1
Submachine Gun,The Huckleberry,,Kinetic,Primary,Ride the Bull,Exotic Engram,750,22,53,42,60,10,49,37,100,6558,250844,13116,501687,0.53,0.8
Submachine Gun,Bug-Out Bag,,Energy,Primary,Adaptive,Gambit Prime,900,20,49,50,56,56,46,32,88,6075,189945,12150,379890,0.73,0.93
Submachine Gun,Exit Strategy,,Kinetic,Primary,Adaptive,Gambit Quest,900,20,43,48,55,56,47,33,97,6075,189945,12150,379890,0.73,0.93
Submachine Gun,The Hero's Burden,Void,Energy,Primary,Adaptive,Iron Banner,900,20,50,46,63,58,51,33,93,6075,189945,12150,379890,0.73,0.93
Submachine Gun,Trackless Waste,,Kinetic,Primary,Adaptive,Tangled Shore,900,20,40,49,45,50,52,28,85,6075,189945,12150,379890,0.73,0.93
Submachine Gun,Breath of the Dragon,,Energy,Primary,Lightweight,Iron Banner,900,15,32,47,66,33,50,30,93,6833,194499,13665,388997,0.6,1.13
Submachine Gun,Calus Mini Tool,,Energy,Primary,MIDA Synergy,Menagerie,900,15,37,54,69,38,49,37,80,6833,194499,13665,388997,0.6,1.13
Submachine Gun,Pillager,,Kinetic,Primary,Lightweight,Gambit,900,15,32,42,70,30,57,37,97,6833,194499,13665,388997,0.6,1.13
Submachine Gun,Subjunctive,,Energy,Primary,Lightweight,Vex Offensive,900,15,33,43,69,35,52,36,92,6833,194499,13665,388997,0.6,1.13
Submachine Gun,The Recluse,Void,Energy,Primary,Lightweight,Crucible Quest,900,15,46,56,67,35,55,36,100,6833,194499,13665,388997,0.6,1.13
Submachine Gun,The Huckleberry (Ride the Bull),,Kinetic,Primary,Ride the Bull,Exotic Engram,900,22,53,42,60,10,49,37,100,8198,250844,16395,501687,0.53,0.8
Submachine Gun,Riskrunner,,Energy,Primary,Arc Conductor,Exotic Story,900,20 - 22,55,60,51,42,50,37,94,8198,250844,16395,501687,0.73,0.93
Sword,Throne-Cleaver (Titan),Void,Power,Heavy,Aggressive,Menagerie,10,83,64,55,n/a,55,n/a,58,n/a,-,-,-,-,-,-
Sword,Abide the Return,,Power,Heavy,Adaptive,World,46,61,46,55,n/a,55,n/a,60,n/a,-,-,-,-,-,-
Sword,Just In Case,,Power,Heavy,Adaptive,Gambit Prime,46,61,46,55,n/a,60,n/a,60,n/a,-,-,-,-,-,-
Sword,Night Terror,,Power,Heavy,Adaptive,Moon,46,62,46,55,n/a,57,n/a,60,n/a,-,-,-,-,-,-
Sword,Steel Sybil Z-14,Void,Power,Heavy,Adaptive,Crucible,46,61,46,55,n/a,55,n/a,59,n/a,-,-,-,-,-,-
Sword,Stryker's Sure-Hand,,Power,Heavy,Adaptive,Forge,46,61,46,55,n/a,46,n/a,60,n/a,-,-,-,-,-,-
Sword,Death's Razor (Warlock),,Power,Heavy,Adaptive,Menagerie,46,61,55,55,n/a,55,n/a,62,n/a,-,-,-,-,-,-
Sword,Black Talon,Void,Power,Heavy,Crow's Wings,Exotic Engram,46,62,46,55,n/a,55,n/a,40,n/a,-,-,-,-,-,-
Sword,Worldline Zero,,Power,Heavy,Tesseract,Exotic Quest,55,62,46,55,n/a,46,n/a,40,n/a,-,-,-,-,-,-
Sword,Goldtusk (Hunter),Void,Power,Heavy,Lightweight,Menagerie,82,40,28,55,n/a,55,n/a,64,n/a,-,-,-,-,-,-
Trace Rifle,Coldheart,,Energy,Primary,Cold Fusion,Exotic Engram,1000,6,64,64,42,37,100,95,90,8298,279353,16596,558706,0.67,0.93
Trace Rifle,Divinity,,Energy,Special,Judgement,Exotic Garden of Salvation Quest,1000,6,70,100,60,51,100,94,100,7455,222159,7455,222159,-,-
Trace Rifle,Prometheus Lens,,Energy,Primary,Prismatic Inferno,Exotic Engram,1000,6,64,50,42,46,100,100,90,5217,208669,10433,417339,0.73,0.93
Trace Rifle,Wavesplitter,Void,Energy,Special,Harmonic Laser,Exotic Engram,1000,6,70,96,51,51,100,100,100,8960,283730.5,17920,567461,0.67,0.93